{"_default": {"1": {"correction": [1.0, 0.0, 0.0, 1.0], "i_offset": -0.011749267578125, "q_offset": 0.0205078125, "lo_frequency": 6000000000.0, "if_frequency": 50000000.0, "temperature": 46.5, "mixer_id": "octave_octave1_1", "optimizer_parameters": {"average_iterations": 100, "iterations": 10000, "calibration_offset_frequency": 7000000.0, "keep_on": false}}, "2": {"correction": [0.9926117211580276, 0.015748023986816406, 0.015503883361816406, 1.0082424394786358], "i_offset": -0.0244140625, "q_offset": 0.0333251953125, "lo_frequency": 6000000000.0, "if_frequency": 50000000.0, "temperature": 49.125, "mixer_id": "octave_octave1_2", "optimizer_parameters": {"average_iterations": 100, "iterations": 10000, "calibration_offset_frequency": 7000000.0, "keep_on": false}}, "3": {"correction": [1.0, 0.0, 0.0, 1.0], "i_offset": -0.00067138671875, "q_offset": 0.001953125, "lo_frequency": 3000000000.0, "if_frequency": 50000000.0, "temperature": 55.3125, "mixer_id": "octave_octave1_1", "optimizer_parameters": {"average_iterations": 100, "iterations": 10000, "calibration_offset_frequency": 7000000.0, "keep_on": false}}, "4": {"correction": [1.0679651871323586, -0.0294189453125, -0.0333251953125, 0.9427824541926384], "i_offset": 0.0546875, "q_offset": -0.1654052734375, "lo_frequency": 3000000000.0, "if_frequency": 50000000.0, "temperature": 59.1875, "mixer_id": "octave_octave1_2", "optimizer_parameters": {"average_iterations": 100, "iterations": 10000, "calibration_offset_frequency": 7000000.0, "keep_on": false}}}}